,code,display_name
0,601908.XSHG,京运通
1,002465.XSHE,海格通信
2,002152.XSHE,广电运通
3,600498.XSHG,烽火通信
4,000975.XSHE,银泰黄金
5,002901.XSHE,大博医疗
6,300773.XSHE,拉卡拉
7,603005.XSHG,晶方科技
8,600380.XSHG,健康元
9,002683.XSHE,宏大爆破
10,300463.XSHE,迈克生物
11,600529.XSHG,山东药玻
12,600167.XSHG,联美控股
13,600867.XSHG,通化东宝
14,603444.XSHG,吉比特
15,002382.XSHE,蓝帆医疗
16,000999.XSHE,华润三九
17,002019.XSHE,亿帆医药
18,600895.XSHG,张江高科
19,002373.XSHE,千方科技
20,002223.XSHE,鱼跃医疗
21,002603.XSHE,以岭药业
22,002146.XSHE,荣盛发展
23,002127.XSHE,南极电商
24,601866.XSHG,中远海发
25,300136.XSHE,信维通信
26,300841.XSHE,康华生物
27,002422.XSHE,科伦药业
28,002030.XSHE,达安基因
29,002463.XSHE,沪电股份
30,600026.XSHG,中远海能
31,603707.XSHG,健友股份
32,601568.XSHG,北元集团
33,000723.XSHE,美锦能源
34,000547.XSHE,航天发展
35,000513.XSHE,丽珠集团
36,300308.XSHE,中际旭创
37,600705.XSHG,中航资本
38,300869.XSHE,康泰医学
39,600848.XSHG,上海临港
40,600521.XSHG,华海药业
41,601298.XSHG,青岛港
42,000785.XSHE,居然之家
43,002624.XSHE,完美世界
44,002602.XSHE,世纪华通
45,601216.XSHG,君正集团
46,300832.XSHE,新产业
47,002157.XSHE,正邦科技
48,002252.XSHE,上海莱士
49,300003.XSHE,乐普医疗
50,002916.XSHE,深南电路
51,600183.XSHG,生益科技
52,688009.XSHG,中国通号
53,603160.XSHG,汇顶科技
54,001979.XSHE,招商蛇口
55,300498.XSHE,温氏股份
56,600196.XSHG,复星医药
57,600050.XSHG,中国联通
58,003816.XSHE,中国广核
59,000063.XSHE,中兴通讯
