code,display_name
603700.XSHG,宁水集团
605122.XSHG,四方新材
300824.XSHE,北鼎股份
002956.XSHE,西麦食品
603630.XSHG,拉芳家化
600846.XSHG,同济科技
002522.XSHE,浙江众成
603896.XSHG,寿仙谷
000756.XSHE,新华制药
300856.XSHE,科思股份
002282.XSHE,博深股份
600987.XSHG,航民股份
300273.XSHE,和佳医疗
600261.XSHG,阳光照明
600990.XSHG,四创电子
600093.XSHG,易见股份
600326.XSHG,西藏天路
603686.XSHG,龙马环卫
300219.XSHE,鸿利智汇
603408.XSHG,建霖家居
603181.XSHG,皇马科技
605179.XSHG,一鸣食品
300968.XSHE,格林精密
600750.XSHG,江中药业
300602.XSHE,飞荣达
688219.XSHG,会通股份
603363.XSHG,傲农生物
603466.XSHG,风语筑
300415.XSHE,伊之密
002501.XSHE,*ST利源
000989.XSHE,九芝堂
300723.XSHE,一品红
600587.XSHG,新华医疗
000657.XSHE,中钨高新
600993.XSHG,马应龙
002022.XSHE,科华生物
600075.XSHG,新疆天业
002534.XSHE,杭锅股份
002434.XSHE,万里扬
002302.XSHE,西部建设
000048.XSHE,京基智农
002214.XSHE,大立科技
300132.XSHE,青松股份
600787.XSHG,中储股份
600984.XSHG,建设机械
002498.XSHE,汉缆股份
002038.XSHE,双鹭药业
002158.XSHE,汉钟精机
000088.XSHE,盐田港
600062.XSHG,华润双鹤
000727.XSHE,冠捷科技
002320.XSHE,海峡股份
002701.XSHE,奥瑞金
002233.XSHE,塔牌集团
002287.XSHE,奇正藏药
601038.XSHG,一拖股份
002244.XSHE,滨江集团
002237.XSHE,恒邦股份
002324.XSHE,普利特
002124.XSHE,天邦股份
300395.XSHE,菲利华
600970.XSHG,中材国际
002262.XSHE,恩华药业
000559.XSHE,万向钱潮
600211.XSHG,西藏药业
601965.XSHG,中国汽研
600765.XSHG,中航重机
601098.XSHG,中南传媒
600179.XSHG,安通控股
600548.XSHG,深高速
600409.XSHG,三友化工
002075.XSHE,沙钢股份
002127.XSHE,南极电商
000009.XSHE,中国宝安
002572.XSHE,索菲亚
600867.XSHG,通化东宝
000961.XSHE,中南建设
600549.XSHG,厦门钨业
000951.XSHE,中国重汽
600511.XSHG,国药股份
600392.XSHG,盛和资源
600521.XSHG,华海药业
601117.XSHG,中国化学
600299.XSHG,安迪苏
600350.XSHG,山东高速
000656.XSHE,金科股份
600177.XSHG,雅戈尔
002385.XSHE,大北农
600875.XSHG,东方电气
600885.XSHG,宏发股份
600688.XSHG,上海石化
601298.XSHG,青岛港
600707.XSHG,彩虹股份
000703.XSHE,恒逸石化
000513.XSHE,丽珠集团
603233.XSHG,大参林
002602.XSHE,世纪华通
002252.XSHE,上海莱士
600377.XSHG,宁沪高速
600143.XSHG,金发科技
000800.XSHE,一汽解放
600426.XSHG,华鲁恒升
600176.XSHG,中国巨石
601607.XSHG,上海医药
601618.XSHG,中国中冶
600111.XSHG,北方稀土
601985.XSHG,中国核电
601186.XSHG,中国铁建
600048.XSHG,保利地产
600346.XSHG,恒力石化
600016.XSHG,民生银行
600104.XSHG,上汽集团
600585.XSHG,海螺水泥
601328.XSHG,交通银行
601012.XSHG,隆基股份
